"first_name","last_name","country"
"Dorin","Paslaru","RO"
"Alin-Adnan","Vasile","RO"
"Veres","Jancsi","RO"
"Darius","Ghita","RO"
"Mircea","Krepelka","RO"
"Raul","Goia","RO"
"George","Radu","RO"
"Filip","Krepelka","RO"
"Vlad","Petcu","RO"
"Radu","Costan","RO"
"Andrei","Mihai","RO"
"Mădălin","Gaiță","RO"
"Marius","Vlad","RO"
"Mihai","Alexandru","RO"
"Octavian Mihai","Mîrza","RO"
"Levente","Kocsik","RO"
"Jurca","Ciprian","RO"
"Răzvan","Pop","RO"
"Mădălin","Margan","RO"
"Dan","Crișan","RO"
"Ciprian","Caba","RO"
"Mereg","Rolland","RO"
"Monica","Antal","RO"
"Adi","Alpredi","RO"
"Andrei","Spac","RO"
"Mihai Florin","Iacob","RO"
"Marius","Marcus","RO"
"Răzvan","Marc","RO"
"Hermann","Kleinpeter","RO"
"Gabriel","Amza","RO"
"Ionuț","Ungurianu","RO"
"Richard","Gere","RO"
"Adrian","Macovschi","RO"
"Alex","Mocuta","RO"
"Farkas","Pataki","RO"
"Lucian","Bologa","RO"
"Adrian","Cuzman","RO"
"Cătălin","Obrejan","RO"
"Bogdan","Suciu","RO"
"Bogdan","Copacean","RO"
"Titus","Jiglau","RO"
"Marian","Ulita","RO"
"Daniel","Gulei","RO"
"Izabela","Brandas","RO"
"Daniel","Arimia","RO"
"Daniel","Brandas","RO"
"Cristian-Andrei","Pantir","RO"
"Isabela","Hanga","RO"
"Răzvan","Pat","RO"
"Torok","Alexandru","RO"
"Vlad","Pacurar","RO"
"Andrei","Ciobanu","RO"
"Andrei","Cosmin","RO"
"Cora", "Baltes", "RO"
"Iana", "Baltes", "RO"
